dataset,n,m,metodo,obtenido,optimo,gap_relativo,tiempo,k,iteraciones
instancias-tsplib,29,406,AGM,2716.0,2020,0.3445544554455445,0.069813,-,-
instancias-tsplib,52,1326,AGM,10227.0,7542,0.3560063643595863,0.18756,-,-
instancias-tsplib,14,91,AGM,4118.0,3323,0.23924164911224796,0.030585,-,-
instancias-tsplib,130,8385,AGM,8496.0,6110,0.3905073649754501,0.829696,-,-
instancias-tsplib,29,406,INS,2306.0,2020,0.14158415841584157,0.300355,-,-
instancias-tsplib,52,1326,INS,8859.0,7542,0.17462211614956244,1.1653,-,-
instancias-tsplib,14,91,INS,3522.0,3323,0.05988564550105326,0.083903,-,-
instancias-tsplib,130,8385,INS,7454.0,6110,0.2199672667757774,11.4424,-,-
instancias-tsplib,29,406,VEC,2258.0,2020,0.11782178217821782,0.037649,-,-
instancias-tsplib,52,1326,VEC,8980.0,7542,0.19066560594006896,0.081401,-,-
instancias-tsplib,14,91,VEC,4048.0,3323,0.21817634667469155,0.026881,-,-
instancias-tsplib,130,8385,VEC,7579.0,6110,0.2404255319148936,0.339159,-,-
instancias-tsplib,29,406,TABU_A,2179.0,2020,0.07871287128712871,8.65438,3,3
instancias-tsplib,52,1326,TABU_A,8723.0,7542,0.15658976398833202,53.7404,3,3
instancias-tsplib,14,91,TABU_A,3769.0,3323,0.13421606981643094,0.862584,3,3
instancias-tsplib,130,8385,TABU_A,7431.0,6110,0.21620294599018003,1041.65,3,3
instancias-tsplib,29,406,TABU_S,2060.0,2020,0.019801980198019802,2.07276,3,3
instancias-tsplib,52,1326,TABU_S,8225.0,7542,0.090559533280297,10.9303,3,3
instancias-tsplib,14,91,TABU_S,3416.0,3323,0.027986758952753536,0.451126,3,3
instancias-tsplib,130,8385,TABU_S,7174.0,6110,0.17414075286415712,135.015,3,3
aleatorias,10,45,AGM,24.0,-,-,0.025439,-,-
aleatorias,10,45,AGM,27.0,-,-,0.025384,-,-
aleatorias,10,45,AGM,19.0,-,-,0.024707,-,-
aleatorias,10,45,AGM,22.0,-,-,0.025472,-,-
aleatorias,10,45,AGM,23.0,-,-,0.024859,-,-
aleatorias,10,45,AGM,24.0,-,-,0.026643,-,-
aleatorias,10,45,AGM,17.0,-,-,0.025004,-,-
aleatorias,10,45,AGM,34.0,-,-,0.024236,-,-
aleatorias,10,45,AGM,19.0,-,-,0.025494,-,-
aleatorias,10,45,AGM,22.0,-,-,0.025698,-,-
aleatorias,20,190,AGM,126.0,-,-,0.052118,-,-
aleatorias,20,190,AGM,176.0,-,-,0.052202,-,-
aleatorias,20,190,AGM,127.0,-,-,0.053803,-,-
aleatorias,20,190,AGM,69.0,-,-,0.051593,-,-
aleatorias,20,190,AGM,63.0,-,-,0.052654,-,-
aleatorias,20,190,AGM,78.0,-,-,0.052878,-,-
aleatorias,20,190,AGM,94.0,-,-,0.053501,-,-
aleatorias,20,190,AGM,109.0,-,-,0.0686,-,-
aleatorias,20,190,AGM,122.0,-,-,0.051478,-,-
aleatorias,20,190,AGM,88.0,-,-,0.053723,-,-
aleatorias,30,435,AGM,167.0,-,-,0.089416,-,-
aleatorias,30,435,AGM,225.0,-,-,0.092797,-,-
aleatorias,30,435,AGM,211.0,-,-,0.09245,-,-
aleatorias,30,435,AGM,296.0,-,-,0.091152,-,-
aleatorias,30,435,AGM,124.0,-,-,0.092291,-,-
aleatorias,30,435,AGM,222.0,-,-,0.094972,-,-
aleatorias,30,435,AGM,219.0,-,-,0.091451,-,-
aleatorias,30,435,AGM,199.0,-,-,0.091284,-,-
aleatorias,30,435,AGM,234.0,-,-,0.091837,-,-
aleatorias,30,435,AGM,228.0,-,-,0.116024,-,-
aleatorias,40,780,AGM,457.0,-,-,0.150428,-,-
aleatorias,40,780,AGM,398.0,-,-,0.152705,-,-
aleatorias,40,780,AGM,506.0,-,-,0.141088,-,-
aleatorias,40,780,AGM,433.0,-,-,0.138573,-,-
aleatorias,40,780,AGM,364.0,-,-,0.140529,-,-
aleatorias,40,780,AGM,296.0,-,-,0.141884,-,-
aleatorias,40,780,AGM,393.0,-,-,0.140747,-,-
aleatorias,40,780,AGM,418.0,-,-,0.140997,-,-
aleatorias,40,780,AGM,405.0,-,-,0.141101,-,-
aleatorias,40,780,AGM,305.0,-,-,0.137312,-,-
aleatorias,50,1225,AGM,570.0,-,-,0.19846,-,-
aleatorias,50,1225,AGM,598.0,-,-,0.192823,-,-
aleatorias,50,1225,AGM,659.0,-,-,0.197218,-,-
aleatorias,50,1225,AGM,538.0,-,-,0.189302,-,-
aleatorias,50,1225,AGM,485.0,-,-,0.201888,-,-
aleatorias,50,1225,AGM,573.0,-,-,0.230682,-,-
aleatorias,50,1225,AGM,568.0,-,-,0.214443,-,-
aleatorias,50,1225,AGM,478.0,-,-,0.199594,-,-
aleatorias,50,1225,AGM,519.0,-,-,0.197148,-,-
aleatorias,50,1225,AGM,587.0,-,-,0.209586,-,-
aleatorias,60,1770,AGM,725.0,-,-,0.267973,-,-
aleatorias,60,1770,AGM,767.0,-,-,0.279673,-,-
aleatorias,60,1770,AGM,690.0,-,-,0.259664,-,-
aleatorias,60,1770,AGM,805.0,-,-,0.274922,-,-
aleatorias,60,1770,AGM,844.0,-,-,0.259605,-,-
aleatorias,60,1770,AGM,643.0,-,-,0.260152,-,-
aleatorias,60,1770,AGM,785.0,-,-,0.262317,-,-
aleatorias,60,1770,AGM,1120.0,-,-,0.297906,-,-
aleatorias,60,1770,AGM,784.0,-,-,0.281111,-,-
aleatorias,60,1770,AGM,959.0,-,-,0.283001,-,-
aleatorias,70,2415,AGM,1202.0,-,-,0.337585,-,-
aleatorias,70,2415,AGM,976.0,-,-,0.338591,-,-
aleatorias,70,2415,AGM,1071.0,-,-,0.343724,-,-
aleatorias,70,2415,AGM,1175.0,-,-,0.383747,-,-
aleatorias,70,2415,AGM,1336.0,-,-,0.365926,-,-
aleatorias,70,2415,AGM,1044.0,-,-,0.354531,-,-
aleatorias,70,2415,AGM,1179.0,-,-,0.378855,-,-
aleatorias,70,2415,AGM,1028.0,-,-,0.36545,-,-
aleatorias,70,2415,AGM,1016.0,-,-,0.34719,-,-
aleatorias,70,2415,AGM,1220.0,-,-,0.35903,-,-
aleatorias,80,3160,AGM,1208.0,-,-,0.460918,-,-
aleatorias,80,3160,AGM,1130.0,-,-,0.477524,-,-
aleatorias,80,3160,AGM,1226.0,-,-,0.488917,-,-
aleatorias,80,3160,AGM,1286.0,-,-,0.490167,-,-
aleatorias,80,3160,AGM,1245.0,-,-,0.469651,-,-
aleatorias,80,3160,AGM,1513.0,-,-,0.473366,-,-
aleatorias,80,3160,AGM,1331.0,-,-,0.49567,-,-
aleatorias,80,3160,AGM,1360.0,-,-,0.502631,-,-
aleatorias,80,3160,AGM,1227.0,-,-,0.485472,-,-
aleatorias,80,3160,AGM,1270.0,-,-,0.456216,-,-
aleatorias,90,4005,AGM,1762.0,-,-,0.588949,-,-
aleatorias,90,4005,AGM,1822.0,-,-,0.612089,-,-
aleatorias,90,4005,AGM,1805.0,-,-,0.564941,-,-
aleatorias,90,4005,AGM,2029.0,-,-,0.561492,-,-
aleatorias,90,4005,AGM,1860.0,-,-,0.56088,-,-
aleatorias,90,4005,AGM,1775.0,-,-,0.55292,-,-
aleatorias,90,4005,AGM,1614.0,-,-,0.576296,-,-
aleatorias,90,4005,AGM,2027.0,-,-,0.528171,-,-
aleatorias,90,4005,AGM,1696.0,-,-,0.53391,-,-
aleatorias,90,4005,AGM,1558.0,-,-,0.534029,-,-
aleatorias,100,4950,AGM,2207.0,-,-,0.698532,-,-
aleatorias,100,4950,AGM,2415.0,-,-,0.660166,-,-
aleatorias,100,4950,AGM,1847.0,-,-,0.661961,-,-
aleatorias,100,4950,AGM,1806.0,-,-,0.654192,-,-
aleatorias,100,4950,AGM,1524.0,-,-,0.65623,-,-
aleatorias,100,4950,AGM,2353.0,-,-,0.674348,-,-
aleatorias,100,4950,AGM,2305.0,-,-,0.650876,-,-
aleatorias,100,4950,AGM,2418.0,-,-,0.626282,-,-
aleatorias,100,4950,AGM,1999.0,-,-,0.630822,-,-
aleatorias,100,4950,AGM,2013.0,-,-,0.630076,-,-
aleatorias,10,45,VEC,24.0,-,-,0.017531,-,-
aleatorias,10,45,VEC,23.0,-,-,0.017371,-,-
aleatorias,10,45,VEC,20.0,-,-,0.017012,-,-
aleatorias,10,45,VEC,15.0,-,-,0.020744,-,-
aleatorias,10,45,VEC,11.0,-,-,0.017285,-,-
aleatorias,10,45,VEC,20.0,-,-,0.018442,-,-
aleatorias,10,45,VEC,13.0,-,-,0.018567,-,-
aleatorias,10,45,VEC,16.0,-,-,0.017542,-,-
aleatorias,10,45,VEC,19.0,-,-,0.017836,-,-
aleatorias,10,45,VEC,11.0,-,-,0.017819,-,-
aleatorias,20,190,VEC,60.0,-,-,0.035661,-,-
aleatorias,20,190,VEC,49.0,-,-,0.03355,-,-
aleatorias,20,190,VEC,93.0,-,-,0.034279,-,-
aleatorias,20,190,VEC,56.0,-,-,0.035502,-,-
aleatorias,20,190,VEC,40.0,-,-,0.0341,-,-
aleatorias,20,190,VEC,47.0,-,-,0.033896,-,-
aleatorias,20,190,VEC,66.0,-,-,0.032897,-,-
aleatorias,20,190,VEC,48.0,-,-,0.03298,-,-
aleatorias,20,190,VEC,56.0,-,-,0.033865,-,-
aleatorias,20,190,VEC,65.0,-,-,0.034036,-,-
aleatorias,30,435,VEC,88.0,-,-,0.052267,-,-
aleatorias,30,435,VEC,120.0,-,-,0.053431,-,-
aleatorias,30,435,VEC,149.0,-,-,0.053354,-,-
aleatorias,30,435,VEC,127.0,-,-,0.052946,-,-
aleatorias,30,435,VEC,65.0,-,-,0.051428,-,-
aleatorias,30,435,VEC,97.0,-,-,0.051956,-,-
aleatorias,30,435,VEC,118.0,-,-,0.073741,-,-
aleatorias,30,435,VEC,92.0,-,-,0.052274,-,-
aleatorias,30,435,VEC,82.0,-,-,0.05004,-,-
aleatorias,30,435,VEC,91.0,-,-,0.050643,-,-
aleatorias,40,780,VEC,131.0,-,-,0.070617,-,-
aleatorias,40,780,VEC,155.0,-,-,0.069611,-,-
aleatorias,40,780,VEC,130.0,-,-,0.071695,-,-
aleatorias,40,780,VEC,122.0,-,-,0.072224,-,-
aleatorias,40,780,VEC,130.0,-,-,0.071297,-,-
aleatorias,40,780,VEC,146.0,-,-,0.092834,-,-
aleatorias,40,780,VEC,167.0,-,-,0.070978,-,-
aleatorias,40,780,VEC,153.0,-,-,0.071791,-,-
aleatorias,40,780,VEC,133.0,-,-,0.074423,-,-
aleatorias,40,780,VEC,105.0,-,-,0.075334,-,-
aleatorias,50,1225,VEC,167.0,-,-,0.099293,-,-
aleatorias,50,1225,VEC,181.0,-,-,0.099973,-,-
aleatorias,50,1225,VEC,197.0,-,-,0.101545,-,-
aleatorias,50,1225,VEC,165.0,-,-,0.10089,-,-
aleatorias,50,1225,VEC,185.0,-,-,0.099778,-,-
aleatorias,50,1225,VEC,162.0,-,-,0.097205,-,-
aleatorias,50,1225,VEC,215.0,-,-,0.095061,-,-
aleatorias,50,1225,VEC,164.0,-,-,0.097428,-,-
aleatorias,50,1225,VEC,151.0,-,-,0.095065,-,-
aleatorias,50,1225,VEC,159.0,-,-,0.095716,-,-
aleatorias,60,1770,VEC,289.0,-,-,0.115615,-,-
aleatorias,60,1770,VEC,176.0,-,-,0.118553,-,-
aleatorias,60,1770,VEC,145.0,-,-,0.117519,-,-
aleatorias,60,1770,VEC,241.0,-,-,0.11524,-,-
aleatorias,60,1770,VEC,264.0,-,-,0.114246,-,-
aleatorias,60,1770,VEC,228.0,-,-,0.115614,-,-
aleatorias,60,1770,VEC,189.0,-,-,0.116753,-,-
aleatorias,60,1770,VEC,289.0,-,-,0.117816,-,-
aleatorias,60,1770,VEC,235.0,-,-,0.112262,-,-
aleatorias,60,1770,VEC,192.0,-,-,0.112012,-,-
aleatorias,70,2415,VEC,354.0,-,-,0.159406,-,-
aleatorias,70,2415,VEC,346.0,-,-,0.152741,-,-
aleatorias,70,2415,VEC,210.0,-,-,0.149996,-,-
aleatorias,70,2415,VEC,251.0,-,-,0.17483,-,-
aleatorias,70,2415,VEC,188.0,-,-,0.145987,-,-
aleatorias,70,2415,VEC,261.0,-,-,0.150583,-,-
aleatorias,70,2415,VEC,325.0,-,-,0.146304,-,-
aleatorias,70,2415,VEC,193.0,-,-,0.151143,-,-
aleatorias,70,2415,VEC,255.0,-,-,0.149364,-,-
aleatorias,70,2415,VEC,385.0,-,-,0.151607,-,-
aleatorias,80,3160,VEC,382.0,-,-,0.181227,-,-
aleatorias,80,3160,VEC,354.0,-,-,0.17625,-,-
aleatorias,80,3160,VEC,278.0,-,-,0.189434,-,-
aleatorias,80,3160,VEC,259.0,-,-,0.190642,-,-
aleatorias,80,3160,VEC,309.0,-,-,0.201167,-,-
aleatorias,80,3160,VEC,376.0,-,-,0.194802,-,-
aleatorias,80,3160,VEC,303.0,-,-,0.188308,-,-
aleatorias,80,3160,VEC,457.0,-,-,0.189572,-,-
aleatorias,80,3160,VEC,308.0,-,-,0.186549,-,-
aleatorias,80,3160,VEC,373.0,-,-,0.186332,-,-
aleatorias,90,4005,VEC,320.0,-,-,0.233371,-,-
aleatorias,90,4005,VEC,470.0,-,-,0.223982,-,-
aleatorias,90,4005,VEC,360.0,-,-,0.22843,-,-
aleatorias,90,4005,VEC,299.0,-,-,0.225618,-,-
aleatorias,90,4005,VEC,412.0,-,-,0.234865,-,-
aleatorias,90,4005,VEC,259.0,-,-,0.230076,-,-
aleatorias,90,4005,VEC,326.0,-,-,0.229211,-,-
aleatorias,90,4005,VEC,347.0,-,-,0.237349,-,-
aleatorias,90,4005,VEC,380.0,-,-,0.227507,-,-
aleatorias,90,4005,VEC,394.0,-,-,0.249564,-,-
aleatorias,100,4950,VEC,383.0,-,-,0.274547,-,-
aleatorias,100,4950,VEC,375.0,-,-,0.293862,-,-
aleatorias,100,4950,VEC,377.0,-,-,0.297289,-,-
aleatorias,100,4950,VEC,422.0,-,-,0.277088,-,-
aleatorias,100,4950,VEC,351.0,-,-,0.282313,-,-
aleatorias,100,4950,VEC,357.0,-,-,0.287006,-,-
aleatorias,100,4950,VEC,503.0,-,-,0.292304,-,-
aleatorias,100,4950,VEC,410.0,-,-,0.277746,-,-
aleatorias,100,4950,VEC,547.0,-,-,0.337057,-,-
aleatorias,100,4950,VEC,532.0,-,-,0.272458,-,-
aleatorias,10,45,INS,17.0,-,-,0.05096,-,-
aleatorias,10,45,INS,22.0,-,-,0.051789,-,-
aleatorias,10,45,INS,13.0,-,-,0.051236,-,-
aleatorias,10,45,INS,14.0,-,-,0.053143,-,-
aleatorias,10,45,INS,13.0,-,-,0.052528,-,-
aleatorias,10,45,INS,25.0,-,-,0.072202,-,-
aleatorias,10,45,INS,9.0,-,-,0.052842,-,-
aleatorias,10,45,INS,17.0,-,-,0.061442,-,-
aleatorias,10,45,INS,16.0,-,-,0.05879,-,-
aleatorias,10,45,INS,13.0,-,-,0.055162,-,-
aleatorias,20,190,INS,55.0,-,-,0.211115,-,-
aleatorias,20,190,INS,37.0,-,-,0.190574,-,-
aleatorias,20,190,INS,60.0,-,-,0.254218,-,-
aleatorias,20,190,INS,60.0,-,-,0.188588,-,-
aleatorias,20,190,INS,34.0,-,-,0.190173,-,-
aleatorias,20,190,INS,52.0,-,-,0.190401,-,-
aleatorias,20,190,INS,54.0,-,-,0.190987,-,-
aleatorias,20,190,INS,48.0,-,-,0.241386,-,-
aleatorias,20,190,INS,51.0,-,-,0.196837,-,-
aleatorias,20,190,INS,52.0,-,-,0.183392,-,-
aleatorias,30,435,INS,75.0,-,-,0.441839,-,-
aleatorias,30,435,INS,118.0,-,-,0.427545,-,-
aleatorias,30,435,INS,101.0,-,-,0.417858,-,-
aleatorias,30,435,INS,106.0,-,-,0.468357,-,-
aleatorias,30,435,INS,74.0,-,-,0.46796,-,-
aleatorias,30,435,INS,124.0,-,-,0.457386,-,-
aleatorias,30,435,INS,119.0,-,-,0.433977,-,-
aleatorias,30,435,INS,104.0,-,-,0.447586,-,-
aleatorias,30,435,INS,100.0,-,-,0.46743,-,-
aleatorias,30,435,INS,83.0,-,-,0.458908,-,-
aleatorias,40,780,INS,158.0,-,-,0.841349,-,-
aleatorias,40,780,INS,191.0,-,-,0.831891,-,-
aleatorias,40,780,INS,157.0,-,-,0.840061,-,-
aleatorias,40,780,INS,141.0,-,-,0.835424,-,-
aleatorias,40,780,INS,173.0,-,-,0.851822,-,-
aleatorias,40,780,INS,153.0,-,-,0.805385,-,-
aleatorias,40,780,INS,168.0,-,-,0.806953,-,-
aleatorias,40,780,INS,154.0,-,-,0.891248,-,-
aleatorias,40,780,INS,146.0,-,-,0.883591,-,-
aleatorias,40,780,INS,154.0,-,-,0.830055,-,-
aleatorias,50,1225,INS,201.0,-,-,1.41172,-,-
aleatorias,50,1225,INS,247.0,-,-,1.39486,-,-
aleatorias,50,1225,INS,259.0,-,-,1.38581,-,-
aleatorias,50,1225,INS,204.0,-,-,1.39424,-,-
aleatorias,50,1225,INS,211.0,-,-,1.42729,-,-
aleatorias,50,1225,INS,192.0,-,-,1.53249,-,-
aleatorias,50,1225,INS,242.0,-,-,1.37928,-,-
aleatorias,50,1225,INS,219.0,-,-,1.72672,-,-
aleatorias,50,1225,INS,203.0,-,-,1.42092,-,-
aleatorias,50,1225,INS,189.0,-,-,1.43985,-,-
aleatorias,60,1770,INS,370.0,-,-,2.07624,-,-
aleatorias,60,1770,INS,270.0,-,-,2.17076,-,-
aleatorias,60,1770,INS,283.0,-,-,2.11866,-,-
aleatorias,60,1770,INS,322.0,-,-,2.03403,-,-
aleatorias,60,1770,INS,290.0,-,-,2.10653,-,-
aleatorias,60,1770,INS,247.0,-,-,2.09652,-,-
aleatorias,60,1770,INS,284.0,-,-,2.09317,-,-
aleatorias,60,1770,INS,288.0,-,-,2.07536,-,-
aleatorias,60,1770,INS,287.0,-,-,2.06031,-,-
aleatorias,60,1770,INS,257.0,-,-,2.10309,-,-
aleatorias,70,2415,INS,444.0,-,-,3.31541,-,-
aleatorias,70,2415,INS,334.0,-,-,2.98528,-,-
aleatorias,70,2415,INS,395.0,-,-,3.15559,-,-
aleatorias,70,2415,INS,446.0,-,-,3.03665,-,-
aleatorias,70,2415,INS,361.0,-,-,3.01525,-,-
aleatorias,70,2415,INS,398.0,-,-,3.04788,-,-
aleatorias,70,2415,INS,390.0,-,-,3.044,-,-
aleatorias,70,2415,INS,339.0,-,-,3.14055,-,-
aleatorias,70,2415,INS,356.0,-,-,3.12172,-,-
aleatorias,70,2415,INS,344.0,-,-,2.89976,-,-
aleatorias,80,3160,INS,479.0,-,-,4.16276,-,-
aleatorias,80,3160,INS,489.0,-,-,4.12615,-,-
aleatorias,80,3160,INS,481.0,-,-,4.14423,-,-
aleatorias,80,3160,INS,440.0,-,-,4.11106,-,-
aleatorias,80,3160,INS,457.0,-,-,4.11452,-,-
aleatorias,80,3160,INS,426.0,-,-,4.14474,-,-
aleatorias,80,3160,INS,421.0,-,-,4.14466,-,-
aleatorias,80,3160,INS,469.0,-,-,4.13582,-,-
aleatorias,80,3160,INS,459.0,-,-,4.28758,-,-
aleatorias,80,3160,INS,530.0,-,-,4.10842,-,-
aleatorias,90,4005,INS,504.0,-,-,5.57703,-,-
aleatorias,90,4005,INS,531.0,-,-,5.65264,-,-
aleatorias,90,4005,INS,563.0,-,-,5.52064,-,-
aleatorias,90,4005,INS,558.0,-,-,5.58518,-,-
aleatorias,90,4005,INS,500.0,-,-,6.41362,-,-
aleatorias,90,4005,INS,456.0,-,-,5.84699,-,-
aleatorias,90,4005,INS,542.0,-,-,5.73311,-,-
aleatorias,90,4005,INS,545.0,-,-,5.55384,-,-
aleatorias,90,4005,INS,560.0,-,-,5.52725,-,-
aleatorias,90,4005,INS,521.0,-,-,5.52574,-,-
aleatorias,100,4950,INS,600.0,-,-,7.23964,-,-
aleatorias,100,4950,INS,660.0,-,-,7.24699,-,-
aleatorias,100,4950,INS,690.0,-,-,8.43883,-,-
aleatorias,100,4950,INS,677.0,-,-,7.56091,-,-
aleatorias,100,4950,INS,601.0,-,-,7.25391,-,-
aleatorias,100,4950,INS,676.0,-,-,7.43191,-,-
aleatorias,100,4950,INS,739.0,-,-,7.76763,-,-
aleatorias,100,4950,INS,571.0,-,-,8.35836,-,-
aleatorias,100,4950,INS,670.0,-,-,7.69391,-,-
aleatorias,100,4950,INS,668.0,-,-,7.59495,-,-
aleatorias,10,45,TABU_A,21.0,-,-,0.407467,5,5
aleatorias,10,45,TABU_A,20.0,-,-,0.423054,5,5
aleatorias,10,45,TABU_A,18.0,-,-,0.40872,5,5
aleatorias,10,45,TABU_A,9.0,-,-,0.422839,5,5
aleatorias,10,45,TABU_A,11.0,-,-,0.579635,5,5
aleatorias,10,45,TABU_A,19.0,-,-,0.417961,5,5
aleatorias,10,45,TABU_A,9.0,-,-,0.474964,5,5
aleatorias,10,45,TABU_A,12.0,-,-,0.605379,5,5
aleatorias,10,45,TABU_A,14.0,-,-,0.513271,5,5
aleatorias,10,45,TABU_A,9.0,-,-,0.558171,5,5
aleatorias,20,190,TABU_A,52.0,-,-,8.09015,5,5
aleatorias,20,190,TABU_A,39.0,-,-,4.74637,5,5
aleatorias,20,190,TABU_A,79.0,-,-,4.69768,5,5
aleatorias,20,190,TABU_A,52.0,-,-,4.60924,5,5
aleatorias,20,190,TABU_A,25.0,-,-,4.89277,5,5
aleatorias,20,190,TABU_A,45.0,-,-,4.65919,5,5
aleatorias,20,190,TABU_A,57.0,-,-,5.06855,5,5
aleatorias,20,190,TABU_A,37.0,-,-,4.41561,5,5
aleatorias,20,190,TABU_A,44.0,-,-,5.34926,5,5
aleatorias,20,190,TABU_A,57.0,-,-,4.17112,5,5
aleatorias,30,435,TABU_A,70.0,-,-,16.2482,5,5
aleatorias,30,435,TABU_A,100.0,-,-,17.1005,5,5
aleatorias,30,435,TABU_A,121.0,-,-,15.6369,5,5
aleatorias,30,435,TABU_A,110.0,-,-,19.0954,5,5
aleatorias,30,435,TABU_A,57.0,-,-,17.0946,5,5
aleatorias,30,435,TABU_A,76.0,-,-,15.7745,5,5
aleatorias,30,435,TABU_A,106.0,-,-,15.8218,5,5
aleatorias,30,435,TABU_A,80.0,-,-,16.2684,5,5
aleatorias,30,435,TABU_A,73.0,-,-,17.0563,5,5
aleatorias,30,435,TABU_A,77.0,-,-,16.7483,5,5
aleatorias,40,780,TABU_A,104.0,-,-,39.426,5,5
aleatorias,40,780,TABU_A,129.0,-,-,43.5654,5,5
aleatorias,40,780,TABU_A,117.0,-,-,39.9261,5,5
aleatorias,40,780,TABU_A,111.0,-,-,37.3564,5,5
aleatorias,40,780,TABU_A,110.0,-,-,35.82,5,5
aleatorias,40,780,TABU_A,127.0,-,-,37.0128,5,5
aleatorias,40,780,TABU_A,134.0,-,-,35.9656,5,5
aleatorias,40,780,TABU_A,119.0,-,-,33.6014,5,5
aleatorias,40,780,TABU_A,113.0,-,-,33.6372,5,5
aleatorias,40,780,TABU_A,83.0,-,-,35.3151,5,5
aleatorias,50,1225,TABU_A,134.0,-,-,67.1531,5,5
aleatorias,50,1225,TABU_A,161.0,-,-,64.0589,5,5
aleatorias,50,1225,TABU_A,157.0,-,-,65.4388,5,5
aleatorias,50,1225,TABU_A,143.0,-,-,63.423,5,5
aleatorias,50,1225,TABU_A,162.0,-,-,63.0113,5,5
aleatorias,50,1225,TABU_A,122.0,-,-,64.6126,5,5
aleatorias,50,1225,TABU_A,188.0,-,-,73.1437,5,5
aleatorias,50,1225,TABU_A,138.0,-,-,64.5755,5,5
aleatorias,50,1225,TABU_A,127.0,-,-,67.0827,5,5
aleatorias,50,1225,TABU_A,136.0,-,-,64.8744,5,5
aleatorias,60,1770,TABU_A,241.0,-,-,111.575,5,5
aleatorias,60,1770,TABU_A,131.0,-,-,106.978,5,5
aleatorias,60,1770,TABU_A,128.0,-,-,106.161,5,5
aleatorias,60,1770,TABU_A,225.0,-,-,106.429,5,5
aleatorias,60,1770,TABU_A,228.0,-,-,105.204,5,5
aleatorias,60,1770,TABU_A,183.0,-,-,102.284,5,5
aleatorias,60,1770,TABU_A,163.0,-,-,115.33,5,5
aleatorias,60,1770,TABU_A,239.0,-,-,113.16,5,5
aleatorias,60,1770,TABU_A,188.0,-,-,122.526,5,5
aleatorias,60,1770,TABU_A,161.0,-,-,130.052,5,5
aleatorias,70,2415,TABU_A,315.0,-,-,228.256,5,5
aleatorias,70,2415,TABU_A,284.0,-,-,265.648,5,5
aleatorias,70,2415,TABU_A,195.0,-,-,232.053,5,5
aleatorias,70,2415,TABU_A,197.0,-,-,192.567,5,5
aleatorias,70,2415,TABU_A,176.0,-,-,162.728,5,5
aleatorias,70,2415,TABU_A,219.0,-,-,156.989,5,5
aleatorias,70,2415,TABU_A,271.0,-,-,160.249,5,5
aleatorias,70,2415,TABU_A,182.0,-,-,165.415,5,5
aleatorias,70,2415,TABU_A,208.0,-,-,159.093,5,5
aleatorias,70,2415,TABU_A,338.0,-,-,165.646,5,5
aleatorias,80,3160,TABU_A,321.0,-,-,232.429,5,5
aleatorias,80,3160,TABU_A,312.0,-,-,259.072,5,5
aleatorias,80,3160,TABU_A,241.0,-,-,238.176,5,5
aleatorias,80,3160,TABU_A,218.0,-,-,238.3,5,5
aleatorias,80,3160,TABU_A,263.0,-,-,240.023,5,5
aleatorias,80,3160,TABU_A,329.0,-,-,258.837,5,5
aleatorias,80,3160,TABU_A,275.0,-,-,241.653,5,5
aleatorias,80,3160,TABU_A,394.0,-,-,237.874,5,5
aleatorias,80,3160,TABU_A,260.0,-,-,234.893,5,5
aleatorias,80,3160,TABU_A,317.0,-,-,234.896,5,5
aleatorias,90,4005,TABU_A,274.0,-,-,339.188,5,5
aleatorias,90,4005,TABU_A,400.0,-,-,349.323,5,5
aleatorias,90,4005,TABU_A,315.0,-,-,384.218,5,5
aleatorias,90,4005,TABU_A,284.0,-,-,362.37,5,5
aleatorias,90,4005,TABU_A,348.0,-,-,354.026,5,5
aleatorias,90,4005,TABU_A,249.0,-,-,347.637,5,5
aleatorias,90,4005,TABU_A,301.0,-,-,330.571,5,5
aleatorias,90,4005,TABU_A,308.0,-,-,329.191,5,5
aleatorias,90,4005,TABU_A,323.0,-,-,436.135,5,5
aleatorias,90,4005,TABU_A,342.0,-,-,457.286,5,5
aleatorias,100,4950,TABU_A,356.0,-,-,549.284,5,5
aleatorias,100,4950,TABU_A,334.0,-,-,472.597,5,5
aleatorias,100,4950,TABU_A,325.0,-,-,459.896,5,5
aleatorias,100,4950,TABU_A,392.0,-,-,458.022,5,5
aleatorias,100,4950,TABU_A,296.0,-,-,456.733,5,5
aleatorias,100,4950,TABU_A,324.0,-,-,456.68,5,5
aleatorias,100,4950,TABU_A,410.0,-,-,465.263,5,5
aleatorias,100,4950,TABU_A,330.0,-,-,462.865,5,5
aleatorias,100,4950,TABU_A,480.0,-,-,455.401,5,5
aleatorias,100,4950,TABU_A,454.0,-,-,460.848,5,5
aleatorias,10,45,TABU_S,20.0,-,-,0.297345,5,5
aleatorias,10,45,TABU_S,19.0,-,-,0.309045,5,5
aleatorias,10,45,TABU_S,13.0,-,-,0.308009,5,5
aleatorias,10,45,TABU_S,9.0,-,-,0.328649,5,5
aleatorias,10,45,TABU_S,11.0,-,-,0.330641,5,5
aleatorias,10,45,TABU_S,19.0,-,-,0.340205,5,5
aleatorias,10,45,TABU_S,9.0,-,-,0.358,5,5
aleatorias,10,45,TABU_S,12.0,-,-,0.39231,5,5
aleatorias,10,45,TABU_S,14.0,-,-,0.422457,5,5
aleatorias,10,45,TABU_S,9.0,-,-,0.374197,5,5
aleatorias,20,190,TABU_S,41.0,-,-,2.35522,5,5
aleatorias,20,190,TABU_S,36.0,-,-,2.10236,5,5
aleatorias,20,190,TABU_S,52.0,-,-,2.25555,5,5
aleatorias,20,190,TABU_S,41.0,-,-,2.28151,5,5
aleatorias,20,190,TABU_S,22.0,-,-,2.07899,5,5
aleatorias,20,190,TABU_S,31.0,-,-,2.34323,5,5
aleatorias,20,190,TABU_S,43.0,-,-,2.18885,5,5
aleatorias,20,190,TABU_S,30.0,-,-,2.32702,5,5
aleatorias,20,190,TABU_S,35.0,-,-,2.43106,5,5
aleatorias,20,190,TABU_S,46.0,-,-,2.62105,5,5
aleatorias,30,435,TABU_S,44.0,-,-,7.17436,5,5
aleatorias,30,435,TABU_S,69.0,-,-,6.95225,5,5
aleatorias,30,435,TABU_S,82.0,-,-,7.42323,5,5
aleatorias,30,435,TABU_S,79.0,-,-,7.88731,5,5
aleatorias,30,435,TABU_S,38.0,-,-,7.02951,5,5
aleatorias,30,435,TABU_S,60.0,-,-,6.89778,5,5
aleatorias,30,435,TABU_S,80.0,-,-,7.87258,5,5
aleatorias,30,435,TABU_S,62.0,-,-,6.6676,5,5
aleatorias,30,435,TABU_S,64.0,-,-,6.88492,5,5
aleatorias,30,435,TABU_S,54.0,-,-,6.52309,5,5
aleatorias,40,780,TABU_S,74.0,-,-,14.6899,5,5
aleatorias,40,780,TABU_S,101.0,-,-,15.719,5,5
aleatorias,40,780,TABU_S,77.0,-,-,14.6594,5,5
aleatorias,40,780,TABU_S,75.0,-,-,13.3801,5,5
aleatorias,40,780,TABU_S,81.0,-,-,12.2043,5,5
aleatorias,40,780,TABU_S,93.0,-,-,12.8941,5,5
aleatorias,40,780,TABU_S,101.0,-,-,13.0523,5,5
aleatorias,40,780,TABU_S,86.0,-,-,12.2715,5,5
aleatorias,40,780,TABU_S,94.0,-,-,13.3735,5,5
aleatorias,40,780,TABU_S,69.0,-,-,11.9723,5,5
aleatorias,50,1225,TABU_S,94.0,-,-,22.9773,5,5
aleatorias,50,1225,TABU_S,124.0,-,-,21.6937,5,5
aleatorias,50,1225,TABU_S,120.0,-,-,25.523,5,5
aleatorias,50,1225,TABU_S,115.0,-,-,23.4819,5,5
aleatorias,50,1225,TABU_S,121.0,-,-,21.7788,5,5
aleatorias,50,1225,TABU_S,84.0,-,-,23.9567,5,5
aleatorias,50,1225,TABU_S,167.0,-,-,23.0158,5,5
aleatorias,50,1225,TABU_S,83.0,-,-,22.3522,5,5
aleatorias,50,1225,TABU_S,93.0,-,-,21.3755,5,5
aleatorias,50,1225,TABU_S,95.0,-,-,22.5382,5,5
aleatorias,60,1770,TABU_S,173.0,-,-,32.5668,5,5
aleatorias,60,1770,TABU_S,109.0,-,-,32.7185,5,5
aleatorias,60,1770,TABU_S,114.0,-,-,35.3036,5,5
aleatorias,60,1770,TABU_S,173.0,-,-,33.9149,5,5
aleatorias,60,1770,TABU_S,146.0,-,-,33.9149,5,5
aleatorias,60,1770,TABU_S,134.0,-,-,32.1669,5,5
aleatorias,60,1770,TABU_S,150.0,-,-,31.9522,5,5
aleatorias,60,1770,TABU_S,163.0,-,-,31.4371,5,5
aleatorias,60,1770,TABU_S,124.0,-,-,35.5165,5,5
aleatorias,60,1770,TABU_S,137.0,-,-,30.3862,5,5
aleatorias,70,2415,TABU_S,227.0,-,-,50.8965,5,5
aleatorias,70,2415,TABU_S,164.0,-,-,50.9899,5,5
aleatorias,70,2415,TABU_S,180.0,-,-,52.9146,5,5
aleatorias,70,2415,TABU_S,156.0,-,-,50.7356,5,5
aleatorias,70,2415,TABU_S,158.0,-,-,52.2618,5,5
aleatorias,70,2415,TABU_S,160.0,-,-,50.1427,5,5
aleatorias,70,2415,TABU_S,200.0,-,-,52.0396,5,5
aleatorias,70,2415,TABU_S,151.0,-,-,47.8423,5,5
aleatorias,70,2415,TABU_S,148.0,-,-,51.8983,5,5
aleatorias,70,2415,TABU_S,254.0,-,-,49.3291,5,5
aleatorias,80,3160,TABU_S,230.0,-,-,74.1824,5,5
aleatorias,80,3160,TABU_S,204.0,-,-,72.5744,5,5
aleatorias,80,3160,TABU_S,192.0,-,-,64.5872,5,5
aleatorias,80,3160,TABU_S,171.0,-,-,67.1368,5,5
aleatorias,80,3160,TABU_S,221.0,-,-,66.2918,5,5
aleatorias,80,3160,TABU_S,228.0,-,-,65.2561,5,5
aleatorias,80,3160,TABU_S,210.0,-,-,65.8308,5,5
aleatorias,80,3160,TABU_S,281.0,-,-,67.2939,5,5
aleatorias,80,3160,TABU_S,183.0,-,-,66.4585,5,5
aleatorias,80,3160,TABU_S,254.0,-,-,67.6986,5,5
aleatorias,90,4005,TABU_S,240.0,-,-,84.7951,5,5
aleatorias,90,4005,TABU_S,257.0,-,-,82.036,5,5
aleatorias,90,4005,TABU_S,266.0,-,-,90.3979,5,5
aleatorias,90,4005,TABU_S,252.0,-,-,85.7779,5,5
aleatorias,90,4005,TABU_S,224.0,-,-,88.454,5,5
aleatorias,90,4005,TABU_S,211.0,-,-,83.7999,5,5
aleatorias,90,4005,TABU_S,247.0,-,-,78.9652,5,5
aleatorias,90,4005,TABU_S,222.0,-,-,87.7516,5,5
aleatorias,90,4005,TABU_S,220.0,-,-,87.5386,5,5
aleatorias,90,4005,TABU_S,258.0,-,-,87.9391,5,5
aleatorias,100,4950,TABU_S,304.0,-,-,113.049,5,5
aleatorias,100,4950,TABU_S,275.0,-,-,123.142,5,5
aleatorias,100,4950,TABU_S,277.0,-,-,131.399,5,5
aleatorias,100,4950,TABU_S,278.0,-,-,179.402,5,5
aleatorias,100,4950,TABU_S,254.0,-,-,142.443,5,5
aleatorias,100,4950,TABU_S,261.0,-,-,163.273,5,5
aleatorias,100,4950,TABU_S,287.0,-,-,155.105,5,5
aleatorias,100,4950,TABU_S,267.0,-,-,150.777,5,5
aleatorias,100,4950,TABU_S,344.0,-,-,165.958,5,5
aleatorias,100,4950,TABU_S,279.0,-,-,177.038,5,5
